{"cameraMode":{"drawMode":0,"name":"Shaded","section":"Shading Mode"},"sceneLighting":true,"audioPlay":false,"sceneViewState":{"showFog":false,"showMaterialUpdate":false,"showSkybox":true,"showFlares":false,"showImageEffects":false,"showParticleSystems":false},"in2DMode":false,"pivot":{"x":-0.5818092823028565,"y":2.421344518661499,"z":-9.624643325805664},"rotation":{"x":-0.13158823549747468,"y":0.8683627247810364,"z":-0.333124577999115,"w":-0.3430139422416687},"size":2.0660252571105959,"orthographic":false}